prediction;test_price
27.82;28.78
28.16;28.81
28.37;28.14
28.39;28.2
28.02;28.74
27.89;29.0
28.1;28.63
28.41;28.29
28.47;28.28
28.18;28.16
28.2;27.78
28.23;27.72
27.91;27.16
27.71;27.18
27.38;26.64
27.16;26.31
26.73;26.76
26.27;26.45
26.59;26.48
26.51;26.04
26.39;26.02
26.34;25.1
26.14;24.87
25.47;24.53
25.16;24.88
24.78;25.5
24.81;25.02
25.22;25.62
24.94;25.12
25.29;25.66
25.14;26.03
25.33;26.75
25.68;26.96
26.23;26.23
26.43;27.48
26.06;27.67
26.59;28.02
26.92;27.85
27.26;27.94
27.29;28.6
27.42;28.19
27.83;28.34
27.7;28.08
27.76;28.42
27.61;28.15
27.95;28.41
27.74;28.69
27.68;28.69
27.94;28.88
28.04;28.39
28.23;28.27
28.06;28.27
28.14;27.8
28.22;27.6
27.88;27.26
27.67;26.83
27.36;26.57
27.02;27.21
26.62;27.4
26.9;27.33
27.02;26.85
27.12;26.57
26.8;27.67
26.42;27.25
27.1;27.83
27.07;27.95
27.4;27.99
27.44;27.71
27.47;27.37
27.37;27.04
26.99;27.37
26.73;27.84
26.76;27.53
27.16;27.51
27.1;27.25
27.05;27.5
26.92;27.1
27.03;26.91
26.85;27.35
26.58;26.33
26.98;26.21
26.33;26.11
26.06;26.45
26.1;26.85
26.27;27.33
26.54;27.44
27.09;27.3
27.59;27.6
27.37;27.86
27.51;28.23
27.76;28.29
27.92;28.58
27.97;28.29
28.11;29.05
28.12;29.22
28.56;29.04
28.9;29.42
28.7;30.27
28.96;30.15
29.76;29.92
29.65;30.33
29.51;29.95
29.69;30.36
29.47;30.52
29.72;30.45
29.78;30.29
29.93;29.74
29.79;29.36
29.3;29.32
28.96;28.99
28.89;29.35
28.65;29.54
28.85;29.49
29.04;29.31
29.06;29.05
29.03;28.95
28.88;29.97
28.84;30.09
29.41;28.8
29.62;28.95
29.02;29.51
28.91;29.02
29.23;29.0
29.08;29.6
29.05;29.36
29.48;28.88
29.33;28.74
29.03;28.69
28.74;27.86
28.52;28.26
28.02;28.11
28.09;28.34
28.09;27.51
28.19;27.54
27.76;27.22
27.59;27.09
27.28;26.79
27.13;26.96
26.86;26.24
26.87;26.13
26.28;25.77
26.11;25.82
25.61;25.47
25.42;25.39
25.36;25.67
25.27;26.55
25.51;27.22
25.94;26.96
26.61;26.6
26.69;26.53
26.28;27.17
26.2;27.06
26.63;27.13
26.64;26.61
26.57;26.97
26.36;27.63
26.43;26.48
26.98;26.24
26.41;26.49
26.1;27.31
26.2;27.41
26.78;26.97
26.99;27.94
26.74;28.61
27.27;28.06
27.83;27.69
27.59;28.2
27.46;28.35
27.77;27.99
27.97;27.7
27.77;27.76
27.6;27.77
27.53;28.09
27.45;27.57
27.69;27.66
27.36;27.71
27.44;28.43
27.34;28.22
27.91;28.3
28.06;28.36
27.94;27.51
28.01;27.36
27.52;28.72
27.17;28.29
28.07;28.59
28.09;28.74
28.33;29.01
28.52;28.23
28.63;28.36
28.09;28.08
27.87;29.17
27.8;30.0
28.41;28.71
29.11;28.38
28.59;27.72
28.19;28.33
27.58;28.57
27.94;25.94
28.41;26.77
26.75;26.76
26.69;26.14
26.6;25.77
26.12;24.65
25.81;23.18
24.94;22.4
23.62;20.76
22.87;20.1
21.62;23.31
20.6;22.4
22.43;20.39
22.65;21.17
21.24;21.59
21.5;23.16
21.57;22.08
22.68;20.11
22.43;20.41
21.0;19.72
20.61;18.64
20.05;20.86
19.11;20.91
20.26;22.1
20.65;22.6
21.36;21.84
22.28;22.7
21.88;21.14
22.15;19.9
21.51;20.38
20.2;19.26
20.15;19.0
19.54;17.59
19.09;18.89
18.24;18.39
18.83;17.22
18.48;18.03
17.95;17.4
18.32;16.34
17.96;18.42
17.64;19.37
18.22;19.22
19.1;19.63
19.44;19.65
19.66;17.74
19.87;18.72
18.64;19.14
19.03;19.01
19.29;19.86
19.3;21.74
19.98;20.53
21.42;20.68
20.9;20.21
20.61;20.02
20.36;20.16
20.04;21.06
19.99;20.88
20.57;20.21
20.64;19.86
20.16;19.42
19.96;19.35
19.72;19.47
19.7;19.64
19.93;19.01
19.59;19.9
19.09;20.09
19.62;21.18
19.89;20.81
20.67;21.53
20.54;20.52
21.29;20.28
20.7;19.75
20.47;19.36
20.18;18.77
19.74;18.42
19.21;18.91
18.72;19.0
18.95;17.92
19.24;18.8
18.67;18.57
18.92;18.25
19.01;18.47
18.74;18.82
18.5;19.73
18.72;18.82
19.66;18.31
19.38;17.89
18.67;18.26
18.37;16.82
18.5;16.57
17.51;17.22
17.13;17.21
17.42;16.61
17.27;16.38
17.12;16.67
16.86;16.4
16.83;15.8
16.82;15.61
16.5;15.66
16.13;15.52
15.93;15.03
15.87;15.87
15.67;15.37
15.75;14.93
15.75;14.85
15.52;14.21
15.23;14.49
15.12;15.0
15.2;14.16
15.19;14.02
14.84;13.8
14.69;14.71
14.17;14.69
14.87;15.43
14.94;15.17
15.65;15.24
15.5;15.78
15.62;16.04
15.97;15.67
16.14;15.45
16.11;16.75
15.64;16.19
16.44;16.41
16.41;16.88
16.57;16.46
16.61;15.81
16.59;16.08
16.21;16.64
16.08;17.89
16.43;17.71
17.39;17.37
17.67;16.93
17.48;17.14
16.67;17.6
16.73;17.29
17.25;16.84
17.23;17.47
16.96;18.16
17.41;18.05
18.08;17.19
17.96;17.24
17.05;17.18
17.09;17.38
17.53;17.94
17.08;17.48
17.63;17.28
17.76;18.6
17.78;19.39
18.49;19.43
19.17;20.24
19.47;20.5
20.28;22.91
20.68;22.43
22.05;22.54
22.3;21.88
22.63;21.53
21.97;20.9
21.3;20.79
20.69;20.73
20.75;21.44
20.66;21.09
20.95;20.85
21.42;20.57
21.13;20.99
20.89;21.73
21.07;21.14
21.45;21.24
21.31;21.45
21.3;22.16
21.58;22.25
22.07;22.21
22.19;22.26
22.5;22.09
22.64;22.43
22.51;22.43
22.69;22.22
22.97;22.34
22.53;22.19
22.39;21.47
22.51;20.8
21.76;20.97
21.15;21.0
21.09;20.83
21.16;20.06
20.85;20.26
20.43;20.28
20.15;20.85
20.16;20.75
20.66;20.95
20.37;20.66
20.81;20.76
20.55;20.22
20.75;20.44
20.71;19.95
20.42;19.69
20.45;19.95
20.07;19.84
19.85;20.1
19.94;20.46
20.07;21.32
20.29;21.95
21.14;21.7
21.84;22.46
21.93;22.31
22.62;22.47
22.33;23.73
22.41;23.54
23.11;23.42
23.32;23.35
23.61;22.92
23.43;23.22
23.24;22.24
23.13;22.6
22.49;22.7
22.71;22.38
23.01;22.46
22.57;23.63
22.41;23.41
23.2;22.93
23.36;23.22
23.38;23.25
23.32;22.9
23.38;22.22
23.32;22.31
22.59;22.56
22.25;22.92
22.56;23.72
22.81;23.73
23.48;23.79
23.57;23.91
23.78;23.92
23.9;23.77
23.88;23.06
23.97;22.74
23.51;22.49
22.83;22.53
22.5;22.93
22.65;23.27
22.87;23.86
23.37;25.11
23.77;25.16
24.76;24.86
25.04;25.05
24.87;25.12
24.99;25.2
25.13;25.18
24.96;24.79
25.09;25.13
24.7;24.86
25.04;24.77
25.17;24.46
24.83;25.0
24.7;24.74
25.13;24.31
24.98;24.23
24.85;24.09
24.53;24.5
24.28;24.95
24.41;24.94
24.46;25.39
24.85;25.36
25.28;25.36
25.19;25.16
25.53;25.6
25.29;25.88
25.78;26.03
25.99;26.45
25.98;25.99
26.24;25.88
25.95;26.07
25.65;25.58
25.48;25.37
25.39;24.94
25.38;24.12
25.05;24.92
24.66;24.23
24.97;24.27
24.49;24.46
24.29;24.82
24.49;25.68
24.64;25.29
25.53;25.68
25.44;25.78
25.7;25.93
25.83;25.72
25.94;26.95
25.83;27.18
26.73;27.33
27.38;27.16
27.6;26.75
27.5;26.57
27.22;26.99
26.98;26.77
26.97;27.1
26.92;26.87
27.28;26.76
27.27;27.21
27.06;27.26
27.57;26.86
27.65;27.31
27.43;27.45
27.65;27.17
27.82;27.18
27.63;28.03
27.58;28.39
28.26;28.51
28.63;28.82
28.8;29.05
29.09;28.6
29.4;28.62
29.16;29.02
29.03;28.94
29.18;29.05
29.28;28.92
29.25;28.58
29.15;29.0
28.89;28.91
29.15;28.88
29.23;28.72
29.24;28.65
29.07;28.5
29.09;28.51
28.96;28.55
28.67;28.09
28.52;27.6
28.17;28.03
27.97;27.78
28.15;27.41
27.92;27.77
27.7;27.94
27.88;27.42
27.96;26.85
27.8;26.8
27.48;26.57
27.31;26.26
26.94;26.29
26.6;26.47
26.49;26.44
26.61;26.85
26.65;27.54
27.05;26.57
27.52;26.46
26.85;26.4
26.74;26.73
26.42;26.9
26.62;27.01
26.68;26.93
26.7;27.29
26.68;27.64
26.97;27.78
27.3;27.97
27.45;27.87
27.74;27.69
27.79;28.11
27.63;28.09
27.8;27.98
27.91;28.25
27.79;28.55
27.93;28.34
28.02;29.17
28.01;29.75
28.52;29.73
29.06;29.83
29.24;29.85
29.29;30.28
29.18;30.17
29.54;30.2
29.75;30.23
29.88;30.23
29.85;30.26
29.76;30.13
29.73;30.41
29.72;30.46
29.84;30.8
30.07;31.43
30.55;31.63
30.89;31.49
31.22;31.44
31.27;31.27
31.09;31.84
30.94;31.54
31.09;31.77
30.83;31.63
31.01;31.95
31.01;32.44
31.53;32.15
32.04;32.1
32.02;32.42
32.05;32.6
32.22;32.09
32.3;32.4
32.11;32.73
32.22;32.75
32.45;32.94
32.54;32.95
32.78;33.18
33.07;32.53
33.37;32.5
33.0;33.34
32.82;33.0
33.11;33.64
33.01;32.77
33.29;31.65
32.82;30.46
31.87;29.92
30.69;31.61
30.21;32.03
31.23;31.46
31.85;31.12
31.87;30.51
31.57;30.63
30.97;30.21
30.88;29.91
30.56;28.65
30.26;29.44
29.31;29.09
29.47;28.95
29.21;29.62
29.08;30.78
29.52;29.93
30.41;29.85
29.98;31.12
29.73;31.09
30.34;30.17
30.59;29.59
30.09;29.69
29.6;29.5
29.39;30.55
29.3;30.67
30.04;30.39
30.15;31.34
30.06;31.16
30.82;31.41
30.84;31.48
30.93;31.4
31.04;30.77
31.11;30.76
30.63;30.09
30.43;29.99
30.09;29.75
29.87;28.93
29.5;28.21
28.93;28.2
28.22;28.11
28.17;28.41
28.18;29.68
28.56;29.86
29.45;30.23
29.71;30.25
30.07;30.86
29.96;30.67
30.37;30.5
30.33;29.58
30.34;29.83
29.65;29.91
29.61;29.39
29.79;30.09
29.44;30.57
29.74;30.81
29.89;30.7
30.0;30.49
29.66;30.19
29.53;30.17
29.47;30.88
29.23;30.64
29.76;31.2
30.05;31.33
30.47;31.35
30.75;31.49
30.91;31.61
30.94;30.65
30.88;30.44
30.29;30.17
30.07;30.15
29.87;30.24
29.75;30.37
29.79;29.73
29.9;29.6
29.4;29.49
29.36;28.79
29.23;28.76
28.73;28.61
28.45;29.36
28.43;28.97
28.9;29.14
28.8;30.01
28.95;30.37
29.65;31.05
29.83;30.31
30.29;30.31
30.01;30.52
29.84;30.59
29.82;30.69
29.9;30.5
29.94;30.64
29.87;30.6
30.06;30.95
30.12;31.26
30.3;30.9
30.11;30.44
29.86;29.66
29.59;30.08
28.91;29.82
29.11;29.75
29.16;29.57
29.15;29.65
29.05;29.86
29.17;29.68
29.33;30.3
29.35;30.2
29.58;30.37
29.71;30.91
29.83;30.96
30.1;30.88
30.49;31.27
30.52;31.21
30.67;31.24
30.66;31.12
30.64;30.67
30.61;31.01
30.28;31.06
30.5;31.32
30.55;31.76
30.57;32.21
31.0;32.17
31.36;32.7
31.45;32.36
31.93;32.27
31.78;32.34
31.39;32.5
31.43;33.17
31.79;33.32
32.25;33.19
32.8;33.01
32.73;33.13
32.53;32.18
32.45;33.81
31.78;33.36
32.77;33.07
32.69;33.34
32.4;33.66
32.4;33.15
32.94;33.09
32.81;32.35
32.84;33.02
32.48;32.87
32.8;32.62
32.75;32.7
32.46;33.25
32.51;33.44
32.91;33.67
33.04;33.64
33.2;33.43
33.29;33.11
33.33;33.27
33.25;33.19
33.03;33.62
32.88;33.72
33.22;33.46
33.37;33.51
33.15;33.55
33.05;33.56
32.95;33.8
32.97;34.36
33.16;34.14
33.3;33.94
33.47;33.83
33.31;34.05
33.27;33.94
33.24;33.96
33.08;34.24
33.06;35.3
33.31;36.18
33.97;35.9
34.52;35.72
34.62;35.77
34.35;35.67
34.46;35.47
34.64;35.55
34.41;35.58
34.6;35.67
34.63;35.39
34.53;35.47
34.45;35.98
34.33;36.16
34.64;36.09
34.96;35.71
35.16;35.73
34.84;35.18
34.78;35.19
34.35;36.11
34.14;36.66
34.68;36.67
35.12;36.86
35.39;37.07
35.71;37.29
36.05;39.26
36.33;39.22
37.6;39.31
37.99;39.15
37.97;39.02
37.79;39.57
37.76;39.57
38.01;39.44
38.12;38.62
38.01;38.15
37.43;38.41
37.04;38.89
37.1;39.6
37.33;38.93
37.8;39.2
37.78;39.9
37.84;39.43
38.22;38.95
38.21;39.12
38.27;39.04
38.22;38.45
38.25;38.87
38.1;38.25
38.38;37.68
38.08;36.76
37.44;36.91
36.67;37.33
36.43;37.87
36.55;37.52
37.13;38.25
37.24;38.81
37.63;38.91
38.04;38.5
38.29;38.88
38.13;39.25
38.34;39.02
38.63;38.8
38.47;38.6
38.18;38.42
37.99;38.27
37.78;38.07
37.72;37.81
37.68;37.93
37.22;37.69
36.92;37.76
36.5;37.14
36.48;37.59
36.14;37.3
36.53;37.44
36.51;38.07
36.61;38.27
37.15;37.97
37.5;38.33
37.38;38.55
37.32;38.95
37.31;39.02
37.41;39.18
37.79;39.0
38.25;38.59
38.26;38.65
37.95;38.99
38.02;39.02
38.2;39.76
38.18;37.59
38.66;37.65
37.34;37.59
36.92;37.06
36.8;37.13
36.53;37.5
36.37;37.47
36.76;37.58
36.69;37.27
36.62;37.21
36.5;37.24
36.27;37.11
36.14;37.59
36.33;37.69
36.62;36.58
36.79;36.27
36.02;35.66
35.54;35.67
35.13;35.63
34.88;35.52
34.74;35.65
34.58;34.86
34.62;34.74
34.24;34.94
34.08;34.76
34.24;34.42
34.22;34.44
34.03;34.62
33.85;35.11
33.92;34.69
34.25;34.24
34.19;34.03
33.81;34.47
33.59;34.33
33.9;34.72
33.81;35.35
33.99;35.96
34.52;36.19
35.07;35.83
35.2;35.98
34.92;36.14
34.89;35.51
34.9;35.45
34.66;35.82
34.51;35.84
34.76;35.56
34.82;35.09
34.71;35.8
34.27;35.64
34.68;36.89
34.62;36.81
35.27;36.73
35.65;36.68
35.49;35.78
35.62;35.67
34.94;34.97
34.54;34.81
34.09;33.47
34.03;33.89
33.2;32.01
33.22;31.85
32.13;29.91
31.59;31.42
30.15;28.56
30.81;29.08
29.28;29.96
29.08;30.47
29.4;30.26
29.85;30.21
29.78;29.47
29.97;28.84
29.62;28.99
29.06;29.07
29.08;29.44
28.93;28.98
29.15;29.34
28.85;30.02
28.9;30.41
29.01;30.84
29.51;30.22
29.73;29.39
29.5;28.76
28.65;29.54
28.1;28.93
28.65;28.11
28.29;28.33
27.8;28.48
27.63;29.24
27.93;29.83
28.36;29.8
29.06;29.44
28.97;29.26
28.93;28.32
28.64;26.76
28.16;27.01
26.95;27.44
26.89;28.21
26.96;27.6
27.53;27.75
27.45;27.31
27.56;26.26
27.52;27.04
26.76;28.53
27.01;29.0
28.09;28.7
28.72;29.88
28.68;29.53
29.48;30.57
29.17;30.38
29.84;31.21
29.83;30.23
30.47;30.73
29.99;30.43
30.3;30.64
30.11;31.84
30.08;32.03
30.67;31.25
31.11;31.74
31.03;32.85
31.05;32.79
31.95;31.58
31.95;30.42
31.27;30.85
30.43;31.72
30.81;31.47
31.44;31.83
31.55;31.95
31.58;30.6
31.51;31.36
30.8;33.23
31.02;32.7
32.42;33.0
32.22;32.17
32.57;31.83
32.06;32.26
31.74;31.08
32.0;30.8
31.4;30.24
30.69;30.34
30.24;30.85
30.12;30.79
30.49;32.46
30.45;32.59
31.73;33.15
31.96;33.45
32.31;33.35
32.6;33.59
32.84;32.52
32.91;33.1
32.07;33.18
32.02;32.9
31.96;32.37
31.97;32.4
31.78;32.52
31.76;31.99
31.62;33.3
31.2;33.39
31.72;34.02
32.18;34.71
32.64;34.63
33.44;34.29
33.68;34.72
33.24;34.52
33.83;35.27
34.15;35.77
34.9;36.37
35.15;36.74
35.61;36.6
35.87;36.49
35.66;35.63
35.87;35.66
35.31;35.35
35.11;35.43
34.67;35.92
34.69;36.31
34.99;36.19
35.51;36.14
35.77;36.14
35.72;36.42
35.87;36.23
35.94;36.14
36.01;35.9
35.92;35.81
35.51;36.21
35.19;35.82
35.48;36.83
35.28;37.25
35.97;37.73
36.54;38.0
36.78;38.23
37.14;38.16
37.19;38.47
37.17;38.3
37.21;37.98
37.33;38.24
37.2;38.44
37.17;38.27
37.39;38.0
37.32;38.19
37.24;38.03
37.24;38.34
37.31;38.6
37.68;38.66
37.75;39.03
38.05;39.0
38.29;39.31
38.5;38.67
38.49;38.44
38.07;38.69
37.66;38.89
37.84;38.98
37.99;40.52
38.08;40.03
39.03;40.02
39.09;39.76
39.44;39.99
39.02;39.81
39.14;39.84
38.93;39.86
38.99;40.19
38.83;40.86
38.75;40.65
39.43;40.06
39.49;39.6
39.34;40.31
38.83;40.36
39.16;39.86
38.94;39.52
38.61;39.66
38.22;38.77
38.12;37.74
37.6;38.09
36.85;38.81
36.79;38.53
37.33;38.35
37.8;39.29
37.53;39.12
38.23;38.74
38.27;38.99
38.38;38.68
38.22;38.83
37.98;39.31
37.89;39.92
38.18;39.91
38.64;39.69
38.78;40.32
38.85;40.09
39.46;40.33
39.43;39.52
39.41;40.34
38.78;40.79
39.0;41.45
39.28;41.69
39.53;41.95
39.73;41.59
40.16;41.44
40.34;41.5
40.0;40.81
40.19;40.33
39.71;40.87
39.19;40.87
39.26;40.7
39.41;40.91
39.32;40.97
39.5;41.87
39.54;41.61
40.15;42.08
40.39;40.88
40.35;40.89
39.79;41.28
39.55;41.92
40.0;42.01
40.39;42.57
40.88;42.17
41.36;42.7
41.54;42.56
42.28;43.44
42.61;43.35
42.91;43.36
42.73;43.74
42.6;43.94
42.75;43.64
42.97;43.7
42.83;42.99
42.9;43.55
42.37;44.07
42.69;44.03
42.92;44.65
43.07;44.85
43.34;44.73
43.58;44.29
43.59;44.23
43.43;44.19
43.32;43.6
43.31;43.52
42.93;43.65
42.65;44.37
42.52;44.06
43.23;45.43
43.11;45.43
44.05;45.1
44.29;44.73
43.9;44.17
43.58;44.34
43.06;44.47
42.86;45.77
43.05;45.98
43.85;45.85
44.17;45.24
44.15;44.95
43.87;45.09
43.92;45.82
43.9;45.71
44.14;45.86
44.17;46.48
44.1;46.0
44.38;45.71
44.17;45.9
43.95;45.75
43.75;45.93
43.5;46.26
43.59;46.46
43.97;46.45
44.26;45.7
44.43;45.72
44.05;45.27
43.91;45.63
43.65;45.69
44.08;45.69
43.79;46.07
43.62;45.5
43.67;45.54
43.3;45.72
43.37;46.76
43.65;47.75
44.77;47.63
45.4;47.43
45.59;47.47
45.58;47.6
45.37;48.43
45.18;48.2
45.87;48.01
45.7;47.78
45.42;48.52
45.29;48.48
46.02;48.56
46.18;48.72
46.12;48.37
46.17;47.82
45.85;48.41
45.37;48.13
45.63;47.94
45.95;47.54
45.93;48.31
45.61;48.45
46.1;48.77
46.42;48.18
46.74;47.42
46.44;47.15
45.59;46.35
45.15;46.58
44.67;46.76
44.61;47.17
44.65;48.14
44.71;48.26
45.25;47.78
45.44;47.68
45.19;46.73
45.19;46.63
44.78;46.27
44.59;46.11
44.21;45.22
44.08;45.83
43.68;45.9
43.74;46.33
43.71;46.47
43.79;46.11
43.86;46.07
43.62;43.33
43.62;43.69
41.92;44.15
41.63;43.43
41.98;43.7
41.67;43.66
41.77;44.11
42.06;44.6
42.26;44.82
42.58;45.35
42.69;45.14
42.71;44.74
42.66;45.3
42.49;45.78
42.74;45.72
43.06;45.38
43.24;45.39
42.94;45.66
42.84;45.86
42.9;46.03
43.06;46.09
43.19;46.25
43.15;46.4
43.46;45.91
43.69;45.5
43.3;46.07
43.15;46.95
43.27;46.68
43.73;47.61
43.68;46.74
44.28;46.63
44.03;46.6
43.85;46.3
43.96;45.95
43.84;46.54
43.71;47.77
44.0;47.87
44.81;48.79
44.89;47.65
45.25;47.45
44.77;47.47
44.43;47.48
44.57;47.28
44.93;47.29
45.06;47.76
44.86;48.17
45.1;48.99
45.36;48.93
45.89;49.29
45.85;50.43
46.28;50.43
46.95;50.83
47.01;50.82
47.44;50.47
47.83;50.28
47.48;50.37
47.24;51.03
47.33;50.39
47.71;50.75
47.44;50.97
47.59;50.82
47.92;51.1
47.69;51.18
47.84;51.37
47.86;51.38
48.21;51.3
48.39;51.98
48.42;52.1
48.84;51.04
49.17;50.64
48.69;50.71
48.35;50.1
48.4;50.39
48.14;50.93
48.15;51.03
48.43;51.72
48.38;52.16
48.75;52.8
49.08;52.69
49.3;52.65
49.47;53.65
49.55;53.9
50.0;53.39
50.34;53.6
50.27;53.98
50.21;53.83
50.39;53.12
50.17;52.64
49.85;53.23
49.34;52.64
49.54;53.08
49.23;52.54
49.39;52.94
49.35;52.79
49.47;53.1
49.72;52.99
49.85;53.71
49.83;53.52
50.25;53.83
50.39;53.94
50.58;54.98
50.87;55.28
51.82;56.19
52.07;56.6
52.67;56.6
53.01;55.04
52.74;56.79
51.94;56.72
52.81;56.08
52.98;57.55
52.3;57.97
53.14;58.51
53.51;57.9
53.85;57.96
53.94;57.84
53.83;58.89
53.66;58.74
54.21;59.09
54.44;59.71
54.51;60.57
54.79;60.82
55.38;61.76
55.91;61.69
56.7;62.32
56.88;62.82
57.4;62.93
57.72;63.07
57.59;63.26
57.59;62.14
57.66;62.24
57.13;61.81
57.17;61.54
56.87;61.29
56.49;60.98
56.38;61.22
56.26;62.34
56.53;61.94
57.33;60.43
57.51;58.97
56.41;59.64
55.3;60.15
55.38;59.0
55.72;59.02
55.34;60.62
55.18;59.67
56.32;59.64
55.99;58.88
55.96;60.11
55.57;59.64
55.95;60.28
55.7;61.03
55.86;60.14
56.05;57.94
55.57;58.64
54.38;58.37
54.57;58.49
54.51;59.09
54.51;59.57
55.03;59.03
55.63;59.76
55.01;59.14
55.08;59.46
54.72;59.66
54.66;60.49
54.97;60.71
55.77;60.68
56.06;62.24
56.22;62.61
56.9;61.63
57.12;60.79
56.56;61.1
56.02;61.53
55.94;60.91
56.07;60.2
55.83;60.25
55.23;60.43
55.22;60.34
55.32;60.74
55.21;60.4
55.48;60.0
55.45;60.43
55.22;61.1
55.63;62.17
56.19;61.72
57.04;62.68
57.11;61.61
57.44;61.46
56.91;60.51
56.83;59.76
56.17;59.81
55.27;59.79
55.18;58.31
55.27;58.12
54.48;57.8
54.33;57.85
54.37;57.15
54.41;57.62
53.87;57.7
54.1;57.35
54.08;56.73
53.9;56.84
53.67;57.1
53.54;56.86
54.05;56.96
53.73;57.13
53.82;57.3
54.18;57.39
54.49;57.57
54.4;58.73
54.29;59.77
54.79;61.22
55.37;62.34
56.61;62.58
57.45;62.61
57.96;62.73
58.01;61.43
58.33;60.77
57.53;60.53
57.03;60.13
56.42;60.25
55.65;60.99
55.58;60.94
56.11;60.28
56.1;60.6
55.9;60.65
56.15;59.85
55.88;61.04
54.97;60.38
55.51;59.83
55.34;59.44
55.03;61.3
54.98;61.89
55.99;62.47
56.77;62.11
57.28;62.02
57.26;62.09
57.06;62.77
56.69;63.2
56.68;64.5
57.04;63.68
57.67;64.55
57.25;64.74
57.9;64.5
58.28;64.43
58.07;64.01
58.23;64.12
58.21;64.51
58.19;64.32
58.57;64.36
58.61;64.5
58.59;62.77
58.42;64.11
57.67;63.88
58.23;63.35
58.12;64.47
57.87;65.45
58.77;65.44
59.58;64.97
59.65;64.61
59.75;64.72
59.81;65.38
59.51;65.62
59.8;65.19
60.2;66.54
59.95;66.16
60.4;65.94
60.41;66.29
60.49;65.34
60.63;65.41
60.05;65.65
59.98;66.8
60.11;66.47
60.8;66.9
60.82;65.92
60.74;65.89
60.25;65.88
60.25;66.73
60.27;66.87
60.65;68.33
60.94;69.05
61.33;68.51
61.97;69.35
61.96;69.89
62.51;70.62
63.06;70.36
63.29;72.14
63.05;72.3
64.2;72.18
64.44;72.03
64.36;71.75
64.5;72.24
64.32;71.18
64.42;70.88
64.29;71.34
63.97;69.34
64.11;70.45
63.34;70.29
63.57;70.23
63.53;70.01
63.64;70.22
63.63;71.27
63.58;70.78
64.08;68.82
64.05;68.37
63.08;68.97
62.48;67.5
62.64;69.29
62.09;68.71
62.64;66.23
62.51;67.24
61.05;67.91
61.45;71.51
61.95;71.61
63.76;72.92
64.49;73.62
65.33;73.73
65.81;73.72
66.14;74.98
66.22;75.31
66.69;74.64
66.96;74.94
66.4;75.83
66.49;76.4
66.76;75.91
66.8;75.78
66.57;76.16
66.32;76.47
66.29;75.2
66.53;77.33
66.04;78.24
67.21;78.87
67.61;77.8
67.89;77.57
67.75;76.7
67.99;77.01
67.27;75.64
67.62;75.77
67.2;77.02
66.93;77.59
67.55;76.2
67.73;76.47
67.3;76.04
67.22;75.22
67.32;75.28
66.96;74.4
67.17;74.27
66.76;74.75
67.07;75.77
67.59;77.19
67.76;77.29
68.83;77.31
69.3;76.11
69.72;74.88
69.09;75.3
68.06;76.15
67.8;73.35
68.1;72.88
66.58;73.45
66.27;73.49
66.47;74.71
66.46;75.7
67.08;74.86
68.14;75.19
67.73;75.25
68.29;75.32
68.07;74.03
67.78;73.61
67.15;74.42
66.97;75.08
67.58;75.29
68.39;76.0
69.08;76.86
69.38;76.68
70.04;75.98
69.7;77.22
69.35;77.55
69.66;78.0
69.83;77.68
70.21;76.58
70.08;75.85
69.11;76.08
68.35;76.7
68.57;76.74
68.58;77.78
68.44;77.93
68.92;78.85
69.23;79.25
69.59;79.11
69.73;79.52
69.83;79.5
69.69;79.75
69.42;79.38
69.73;79.72
70.07;80.23
70.11;80.07
70.86;80.89
71.09;80.2
71.18;79.79
71.22;78.36
71.18;78.36
70.34;78.83
70.0;78.7
70.02;79.09
70.28;79.27
70.54;78.38
71.0;78.32
70.88;78.24
71.12;79.4
70.87;79.92
71.36;80.72
72.01;81.14
72.36;81.83
72.64;81.8
73.09;82.18
73.15;81.94
73.12;81.25
73.21;82.54
72.8;82.2
73.31;82.23
73.37;82.1
73.44;81.53
73.49;80.77
73.06;80.47
72.71;81.21
72.37;81.14
72.28;81.58
72.14;81.42
72.41;82.14
72.46;81.6
72.89;82.47
72.68;81.57
72.88;82.53
72.38;81.27
72.52;80.8
71.84;82.56
71.6;82.09
71.87;81.94
71.65;80.92
71.56;82.19
71.02;82.8
71.23;82.53
71.75;82.9
71.69;83.85
71.87;84.49
72.38;85.14
73.05;85.26
73.75;85.02
74.2;85.53
74.43;85.63
74.79;85.53
75.25;85.19
75.12;85.52
74.66;85.39
74.89;85.06
74.64;85.93
73.89;86.06
73.89;85.3
74.2;86.06
74.23;85.7
74.74;84.79
74.66;84.72
74.09;85.14
74.08;84.86
74.49;85.25
74.54;85.43
74.76;85.48
75.18;85.49
75.24;85.63
75.26;84.5
75.2;83.57
74.87;84.65
74.08;83.34
74.34;83.98
73.75;84.06
73.91;84.25
74.39;82.79
74.53;82.13
73.93;83.7
73.65;83.81
74.34;82.44
74.45;83.38
74.29;81.11
74.63;81.64
73.5;79.41
73.58;79.62
72.32;77.68
72.16;77.35
71.44;79.33
70.51;80.93
71.02;82.84
72.01;82.43
73.1;83.27
73.37;83.85
73.85;83.7
74.11;85.1
73.91;84.73
74.58;85.38
74.41;86.48
74.8;86.79
75.27;85.5
75.9;86.12
75.23;87.06
75.05;85.17
75.27;84.96
74.22;85.15
73.64;85.08
73.4;85.63
73.17;85.93
73.7;85.56
74.44;85.44
74.68;85.0
74.77;84.13
74.69;84.19
74.04;85.72
73.6;86.73
74.33;86.99
75.29;87.55
75.56;87.73
75.93;88.45
76.34;88.11
76.63;88.23
76.57;88.73
76.53;88.77
76.67;87.95
76.47;86.71
76.2;87.93
75.83;87.68
76.16;87.12
76.44;86.42
76.26;87.58
75.89;88.75
75.84;89.02
75.99;90.28
76.45;90.75
76.92;90.49
77.39;91.07
77.36;91.52
77.81;90.76
77.84;90.27
77.82;89.85
77.57;88.53
77.35;88.06
76.53;88.96
76.27;89.88
76.83;90.33
77.4;90.53
77.87;91.23
78.13;90.31
78.48;90.42
78.23;91.22
78.1;90.8
78.57;90.25
78.68;91.19
78.86;90.78
79.34;91.02
79.51;90.06
79.95;88.81
79.72;89.34
79.06;87.17
78.7;88.1
77.32;90.18
77.12;97.06
78.05;98.37
81.01;97.77
82.51;97.49
82.61;97.68
82.42;97.63
82.47;99.27
82.26;99.83
82.74;99.78
83.02;99.54
83.09;99.56
82.84;100.2
82.72;100.62
83.09;100.31
83.45;101.17
83.42;100.21
83.53;99.75
83.16;101.48
83.04;101.92
83.97;101.17
84.49;100.66
84.62;99.5
84.7;100.88
84.26;98.8
84.51;98.61
83.88;102.71
83.76;102.01
84.98;102.9
85.24;102.51
85.55;103.47
85.65;102.9
85.58;103.92
85.19;103.71
85.58;102.65
85.31;100.63
84.99;100.86
84.67;101.09
84.74;101.7
84.79;100.52
85.32;101.05
85.27;101.59
85.41;101.23
85.35;101.04
85.29;101.93
85.03;102.32
85.44;102.5
85.94;102.08
86.28;102.22
86.05;102.53
86.57;103.6
86.83;102.25
86.86;103.71
86.51;103.2
86.82;103.45
86.37;104.46
86.08;104.97
86.36;105.57
86.64;105.34
86.79;105.24
86.92;104.19
86.77;105.92
86.57;106.41
86.89;106.2
87.52;105.15
87.77;104.71
87.49;105.53
87.37;104.08
87.75;104.69
87.01;104.64
86.97;105.35
86.73;105.71
86.68;105.74
86.76;105.96
86.87;105.61
87.07;105.79
87.01;105.67
86.97;104.88
86.99;105.77
86.75;105.93
86.79;105.77
86.68;106.34
86.83;106.14
87.02;106.54
87.0;105.71
87.39;105.71
87.43;104.74
87.35;104.0
86.78;105.42
86.58;106.01
87.09;105.37
87.64;105.59
87.24;106.44
87.73;106.85
88.18;108.51
88.32;107.93
88.72;108.8
88.89;109.65
89.04;109.03
89.69;109.68
89.65;110.2
89.91;108.34
90.49;109.39
89.86;110.98
90.09;110.82
90.27;111.53
90.2;112.88
90.34;111.04
90.81;111.43
90.37;112.24
90.37;113.79
90.79;113.6
91.05;114.03
90.98;114.78
91.15;114.57
91.55;115.27
91.69;115.01
92.13;115.03
92.65;114.52
92.61;114.62
92.2;113.99
92.12;114.19
91.93;115.52
91.79;115.7
92.22;115.67
92.46;116.75
92.32;117.3
92.6;106.54
92.86;104.64
89.53;105.41
87.89;107.0
87.58;104.11
87.83;103.13
87.43;103.64
87.28;103.3
87.53;105.12
87.74;103.08
88.59;102.61
88.28;96.41
87.89;95.28
85.87;91.92
84.82;92.43
83.19;95.65
83.15;98.49
84.81;98.78
86.54;98.21
86.47;95.92
86.55;98.22
85.01;98.31
85.19;97.33
85.11;100.26
84.45;98.23
85.16;98.9
84.3;100.71
84.69;100.08
85.56;99.7
85.52;100.21
84.73;100.44
85.05;99.13
84.69;99.68
83.7;98.79
83.6;97.91
83.11;96.99
82.36;96.68
82.12;94.94
82.15;95.83
81.1;98.51
81.49;98.97
82.32;99.29
83.31;100.1
83.93;100.03
84.83;99.66
84.65;100.84
84.4;101.75
84.59;102.51
84.29;102.75
84.23;101.92
84.03;104.0
83.87;104.34
83.89;105.52
84.32;105.88
85.23;106.12
85.94;109.17
85.87;109.01
86.28;109.43
85.95;109.67
85.75;110.22
85.63;110.89
86.61;109.64
87.32;110.89
87.38;111.37
88.2;109.17
88.22;108.92
87.48;111.5
87.4;112.22
88.28;113.19
88.19;112.32
88.44;112.02
88.68;110.7
88.93;111.74
88.77;111.94
89.31;113.88
89.29;114.43
89.49;115.74
89.8;115.11
90.23;113.7
90.23;114.39
89.84;110.98
90.04;109.38
88.98;111.23
88.06;109.89
88.38;107.85
88.26;110.12
87.07;109.73
87.17;108.42
87.29;107.45
86.88;107.45
86.45;104.81
86.45;106.08
85.2;108.81
85.04;110.39
85.87;108.66
86.67;104.5
86.36;103.4
84.69;103.55
84.17;102.41
83.57;102.7
83.0;104.04
82.77;103.88
83.44;103.16
83.43;101.94
83.35;99.9
82.65;97.88
81.9;97.36
81.35;96.53
81.02;96.28
80.56;96.93
80.0;98.43
80.88;95.54
82.11;96.15
81.32;91.09
81.65;91.16
80.65;89.77
79.93;91.21
78.68;94.0
78.92;92.44
79.88;93.39
79.82;91.5
79.82;90.74
79.35;92.96
79.29;92.31
80.12;90.34
80.18;92.3
79.35;92.58
79.92;91.09
79.59;89.37
78.87;89.56
77.98;86.19
78.38;87.61
77.22;88.43
77.59;90.13
77.56;92.65
78.15;92.33
79.32;92.17
79.06;93.49
79.21;92.53
79.86;92.58
79.84;92.79
79.28;92.46
79.37;92.67
78.85;94.73
78.9;94.1
79.57;95.87
79.05;95.54
79.35;96.42
79.33;94.9
79.59;94.74
79.05;94.14
78.94;95.01
78.16;95.86
78.25;95.3
78.76;95.5
79.26;96.62
80.17;96.24
80.94;95.52
81.48;94.66
80.85;93.94
80.17;94.31
79.38;95.16
78.81;95.23
78.86;95.95
79.01;96.34
79.54;96.11
79.91;95.73
80.23;94.1
79.83;94.57
78.96;93.29
78.6;93.54
77.39;93.39
76.94;94.44
76.87;96.51
77.71;95.68
79.2;95.64
79.25;98.45
78.78;99.57
80.04;100.18
80.59;99.83
80.23;100.67
79.74;101.45
79.89;101.76
80.69;102.13
81.27;100.92
81.74;100.17
81.31;101.24
80.7;100.68
81.04;100.57
80.75;101.79
80.56;102.39
81.32;102.19
82.19;103.41
82.09;99.23
81.99;98.67
80.77;97.52
80.42;97.36
79.3;96.95
79.23;96.04
79.13;95.47
78.82;96.8
78.8;96.22
79.83;96.54
80.15;96.88
80.29;96.83
80.12;97.29
80.55;96.25
81.23;95.58
80.68;95.77
80.49;95.8
81.07;95.83
81.28;95.41
81.5;95.11
82.1;94.92
82.61;94.43
82.48;94.65
81.89;95.46
81.72;95.33
82.04;95.44
82.73;96.04
82.87;96.59
83.04;95.87
83.69;95.84
83.67;96.06
83.88;92.86
85.07;91.56
84.38;93.18
83.19;94.08
82.67;94.9
83.31;95.1
83.34;94.74
83.33;95.51
83.15;96.16
83.26;97.35
83.81;97.7
84.58;97.91
84.92;97.6
84.65;97.69
84.67;97.52
84.03;97.86
83.16;97.2
82.98;95.98
82.43;95.77
81.43;95.48
81.22;95.17
80.41;94.48
79.49;94.13
79.32;93.72
78.71;93.76
78.54;93.36
78.78;92.84
78.13;93.9
77.47;92.99
77.85;93.64
77.91;93.56
78.58;94.46
78.78;95.63
78.98;95.54
79.42;94.63
79.45;94.88
78.82;94.67
78.46;94.66
78.43;94.44
78.06;94.19
77.86;93.68
77.61;93.78
77.3;93.63
77.54;93.37
77.44;93.04
77.38;92.7
77.04;92.69
76.83;92.3
76.98;92.11
77.06;92.26
76.85;91.66
76.99;91.57
76.51;91.94
75.87;90.31
76.36;91.5
76.08;90.58
76.13;90.15
75.98;90.39
75.78;90.45
76.11;90.51
76.28;90.83
76.49;90.28
76.53;91.28
76.59;91.14
76.67;89.86
77.01;89.63
76.93;90.09
76.75;89.7
77.0;90.74
76.82;90.38
77.32;90.48
77.19;90.34
77.24;90.71
77.58;90.38
77.5;90.38
77.04;89.76
77.16;89.32
77.06;89.04
77.02;89.22
76.86;88.76
77.47;89.09
77.53;89.83
78.08;89.93
78.1;90.91
78.41;91.24
79.46;90.63
79.19;91.36
78.86;91.87
79.33;91.71
80.26;90.57
80.73;90.28
80.6;89.81
80.33;91.24
79.69;90.34
80.15;92.27
80.07;92.22
81.0;92.48
81.08;92.79
81.24;95.45
81.18;95.68
82.24;95.47
82.71;96.86
82.83;97.1
83.3;96.0
83.49;95.4
82.93;95.48
82.77;96.02
82.64;96.56
82.6;96.71
83.05;97.39
82.86;96.86
82.5;96.68
82.59;96.25
82.32;97.68
82.0;98.36
82.32;99.66
82.75;101.8
83.12;103.26
84.2;102.47
85.28;102.26
85.43;102.46
85.34;102.79
85.0;102.32
84.67;103.69
84.44;103.85
85.05;103.94
84.93;103.81
84.87;103.54
84.81;103.56
84.45;102.7
84.34;102.96
83.9;102.62
